tid,name
675785,gocool
1523812,bingri
1545351,htys
1552747,alnh
1570478,Yang2
1617955,tobytorn
1762008,alpaca
1975398,gongpoyi
2217165,Coolge
2431915,LuckyPaco
2432569,PPGod
2433359,kumo
2441582,1000points
2442133,Abigear
2443522,Alittleear
2447806,EX7XD
2514237,Biu
2536677,Antifa
2552429,Messiah2020
2562154,vabobo
2566095,Baby
2571256,Namiraka
2578709,Zeeeman
2594749,ToMEw
2597662,Izayoi_Sakuya
2598828,kuaileshui
2603921,Subetai
2620025,lazyscar
2629889,LSP
2647201,Tcube
2653399,Stanlty998
2663734,Emc
2676880,BIGBOSS2
2682819,RaxPhilo
2686223,EvilCat
2686393,yinhuhuhu
2686982,Zatoichi
2687494,Herme33
2687886,bxfengchen
2689288,Septembergone
2690164,UlquiorraL
2690417,Kaky
2691980,shaowu
2692080,Bigclever
2693179,Gamblingmonster
2695812,zxal00
2696487,FraZC
2697716,BianTomb
2698534,zongzheng
2712139,XXOO
2715426,ENVY-
2721760,Howryann
2734128,huanxiang
2744642,LeiyiTi
2770244,ff520
2770436,CrystalLion
2770462,oreoknight
2771226,ngp
2772643,dadagege
2781414,HiiiiiiZ
2783662,Pldada
2784297,Mrzhan
2786678,SevenMk
2786679,nodelore
2788803,allenlol
2801882,kale
2802792,Cyderize
2807062,BigMuscleMan
2807246,wumoser
2837493,criem
2840358,_xiaomin_
2847163,Crosssssss
2848855,superxu
2856527,Spongebaby
2866606,Nocturne
2893284,Limbeibei
2893457,Wendyuan
2893476,Sanqing
2897376,Em_Ystan
2901227,Cotory
2910635,Koike
1513571,peterors
1544409,daoy
1554231,MeiFawAn
1663189,qianyx
1711521,AlanSpader
1711541,Megistus
1757366,greenriver
1769499,kaeru
1863032,Aghahowa
2152944,YuanLiFengFeng
2427958,Black_
2430413,JayChou
2459216,Metaverse
2470803,Xodokovich
2483370,wslsk
2500314,YEGOU
2515101,jiafeimao
2549133,SCP-173
2578485,Leonnnnn
2588708,QingShanKing
2591403,PicassoH
2600699,Cxm1106
2601348,Fakoliy
2601494,yaoguaimeat
2601915,CurieH
2613640,huai707
2633205,Never-OD
2634386,Nicol-Bolas
2663737,Kirrr
2666945,Abukuma
2672158,DeckardCain
2677189,saveZED
2679564,CrocDeal
2680031,Cinis
2682831,DriedFish
2686986,Aaronl
2687065,xp99617
2687282,lilychee
2687856,jinjidemingge
2691854,ZGZ
2692545,meowth
2693117,moxida
2695243,HavingFunAlone
2697386,limon_ty
2697503,Cyancloud
2701121,EnlSky
2703793,aban15mm
2706422,zison
2709140,runningowl
2718895,zhangxiaowai
2721819,Jhou
2730736,weiming
2732494,zhulex
2744574,FaceBro
2744834,HeartheWindSing
2745694,muyui
2750261,Gourdbaby
2754627,saltedfish
2757887,kirired
2771563,GooseBot
2776069,SoftRabbit
2785940,ohh
2786868,Baize
2794591,echo07
2800561,goodfriend
2803394,xxxbx
2807670,PengQiaQia
2809409,mataraokina
2825331,Seoyu
2849996,Seiga
2869348,godonion
2880987,Zemin
2885160,chenyf
2889759,RoShan_Marvin
2892767,souyu
2892834,shadowfaker
2893004,YAOYAO
2893242,evan1321
2893458,SherrifCat
2895977,GaunterODimm
2896648,theOldWang
2900624,Siuyu
2901143,MiuPaS
2901842,lingege
2915509,fourwood
2919325,PCSHI
582646,Kim
1980122,Razorbeak
2136444,SoScuishy
2236854,Hobo_King
2276326,ZeroPlueOne
2293909,CFulcrum
2370872,Gaby123
2401987,ElektrkDrtbrd
2410531,Kaslana
2414908,zj243
2438833,Hoyping
2442649,Shineast
2450323,cestbon
2455214,liangfan1019
2459993,Sitcom
2493497,Qs_Mulianzhi
2508380,Ezerald
2509529,KingsterJin
2514824,lonsumi
2538595,w4228228
2551155,astrosoft
2570064,Wayne99
2570607,PatrickLu
2575327,yica
2596679,Yidao
2629508,smallwingman
2631490,bump
2671581,Stella
2678991,big_yuan
2685110,logic_xie
2686977,Greatwater
2687001,lixu1020
2688437,ccwei
2694246,Melville
2704118,XiaoHeizi
2719800,av-nuna
2722112,Ghostkil
2727286,brbbswd
2740286,LuoYangAndyLau
2744396,fxz
2761283,ParryCrab
2761770,Uto
2765973,Gillen
2771616,ATHENA-X
2781948,_yakumo
2782421,RickyKAKA
2783643,yakamoze
2791711,plaz12
2792388,Xingx12
2792689,HONGHOO
2794445,developman
2796644,zksurpose
2797072,tenghao1
2798553,macholeo
2799401,Mystery2022
2799742,shadow_blank
2800430,Meloty
2801163,Aries0N
2803473,kryptonray
2803477,Odey
2803784,loongcloud
2806666,roseya
2806920,WuYan263
2806985,Trueno
2808826,GH9527
2809038,Vandermeer
2810511,MMoonBird
2812623,lolitype
2814133,hhk556
2816936,TurningWorld
2819595,ColdLand
2822281,TDBshu
2823893,CharmingVillain
2825642,HanniLei
2826456,SPGoding
2831286,nijidian
2833566,JoJin
2840935,Drexlee
2846945,sliverdragon
2847601,QiaQia
2859500,Zhaohui2234
2863964,Ancienttt
2867203,Schewpid
2867846,GinW
2871839,BC_Luna
2874322,Vulpes
2875581,SSarum
2876307,murray_luo
2876736,HycheYoki
2887623,Amakawa
2887959,jackjiangjiang
2893026,contr4l_
2893720,fennghuan
2894590,GoldCityFive
2899503,Blade__Master
2245166,kaleco
2431991,WOW
2435517,Bearui
2441611,Emet-Selch
2508936,RaichuQ
2512030,ig_chen
2537542,endlessway
2554043,Lucky_Potato
2562832,Nazuree
2572282,Dracula_Doon
2596037,forever_
2596088,Zhooy_
2603615,dc_angel
2606978,Eddy
2625339,rilence
2630985,BlankCain
2652883,sixgod
2656250,UUtturn
2683850,muggle
2686817,Moonrouguish
2692021,lkk
2692672,Tmipimlie
2692944,wolvywoolf
2693139,MAX77
2695377,surenot
2696023,adder7334
2699283,WCiAo
2704575,fzhfzh
2706438,ouchimao
2711367,ZJC
2714650,fixmyself
2714660,atomsec
2715408,GoldenSnitch
2720148,MaibaraMai
2722372,zaiyiding
2722673,CCMD3
2725092,ylc
2725733,leleba
2725878,T4K111U
2729378,xiaokeai
2732732,duckpear
2733158,jaymiko
2733711,Dmelon
2733917,wzz0116
2733999,cash9569
2735817,Sooner
2736037,Lisayspring
2736860,Ristizz
2738509,Creajoin
2740650,lisk
2744848,lichkingdebab
2746506,Amadeus
2747329,StainlessDog
2748798,Rains
2754331,joshua351
2755284,StarTracker
2756414,Linxu
2757408,tigerclimb
2757851,Cherryblossoms
2759063,LanceaLongini
2759542,linuxjeson
2761373,retiCronno
2761499,RexAlec
2763094,tlxwl
2763498,ChenPingan
2774936,MeiFixer
2775257,NinjaSayokkko
2782283,Roshan-Mo
2788152,Mocha-Mo
2789123,zaol
2793125,DudeYoung
2793812,MrDog94
2794164,ayax
2795975,Lucyphil
2798740,Eastwoood
2805659,senpai114514
2806650,Gontensii
2812784,LightArmy
2821827,JerryYoung
2822052,MayDays
2832832,king283
2841019,xronline
2845157,YeWong
2846680,ManYing
2848291,MilkDeluxe
2848822,Asteriea
2869621,maodou
2875509,Lyzalia
2882668,XXXXXZhang
2884233,Slow_snail
2885171,Salusse
2890633,Senzovski
2893342,whi5per_
2901221,_Bo_
2901262,RafaelCastor
2901813,Lonely_Xer
2904834,Za1e
2910819,chosm
2911222,buffonebro
2912007,LifeGoesOn
300244,Redmond
875795,sunboy00858
1154977,tangba
1515251,plarq
1515996,delis
1523810,harrykewell
1531135,tshcyg
1542120,lipase
1544459,masami86
1545571,hwjltt
1585870,Tars
1702406,JohnnyDeppII
1717091,Veronica
1731167,secondmoney
1731171,harrywp
1765272,funnimo
1770020,hospitalized
1770695,wlbwww
1778465,pseudonym13
1801386,biriwuyun
1801448,pikopiko
1801462,eMerlion
1829323,rudeman
1863040,realfast
1864837,cinderine
1960619,liewan012
2023976,Valandes
2042563,Maxii
2052272,ompc
2076124,kunagisa
2093494,sar_liu1983
2106786,ViVimo
2410799,Bach
2423580,dzeronot
2437029,Does
2441326,redsoldier
2453204,Longago
2453709,DarkM
2475725,ruoba317
2480515,ALPHAAAA
2481570,cancloud
2484717,Musnith
2507459,Police
2508470,Gustavo7788
2509518,Seraxxx
2533020,greenpea
2533483,Vikala
2552573,Due
2556586,wilanwill
2559343,WangDaMiao
2575969,Sephiroth505
2587304,Microdust
2602068,Zun
2606629,birdinpal
2606633,gaokakashi
2615668,Frozen0
2618882,DuangDuang
2646364,lemmmon
2646824,kingdog
2649179,automata
2658059,duckknight019
2670195,CrispX
2675487,ElementWN
2686749,gityx
2687011,da32s1da
2687093,WOOHOO
2687409,jackerp
2694730,MUGOU
2695102,kuner
2695843,MaggieDoctor
2696000,Aimeeee
2696209,Sabrina_Devil
2698237,Maojm
2700880,Berial
2703642,FaFaFa
2706090,Madlife77
2708688,Apocaliar
2724678,onceinawhile
2742735,xtwell
2755717,_NSHX
2770789,yuki2022
2776231,TNTKaen
2783988,DRXINH
2823602,scp294
2882744,WEEEEEEk
2893216,chriy
2893267,moyuxiong
2904872,Kubernetes
2906836,Ansible
2919930,KearnsDesmond
813174,Kalash
1548023,Jonhow
2332699,saraly
2352603,Chronicburn
2433392,Memerain
2436043,S_seal
2439777,lzlaogan
2457552,Nicedude
2472030,sWiSs_ChEeSe
2477774,mainpowers
2484589,moring
2487889,xiangzai
2494915,Elboer
2505675,Qeapurr
2510476,MANGOKING
2525234,Rodie407
2528049,sasukezy
2530463,EliGreen
2549417,lcychill
2557692,viperasi1981
2563333,huweijun
2576515,Tzealot
2588599,Trefor
2591615,DuncanLi
2597400,paladinhood
2608327,CoryDart
2617350,TssN_Vympel
2620894,DrDave28
2627930,StarChen
2633087,RyneX
2634952,Dageniubi
2638817,gaxilu99
2648407,Binco_Yan
2654042,missmeyou
2655071,BlackBean
2657845,fimoam
2662914,kokodayo
2668308,mash_kyrielight
2670758,yyf43
2682078,jesseyeh
2683771,Amadeuska
2686976,soultime-sky
2687051,TRSkyFox
2688410,suyun
2692301,MoWeei
2694340,KujoJotaro
2694483,moses
2696624,CatNiNi
2697201,-VALAC-
2697221,novilol
2698010,Asland
2700525,xmbtx
2700703,woniu0728
2701198,dzablw
2703693,Biergarten
2714970,BADASSZ
2717299,tanrj052
2728302,D-ong
2729314,hellozzh
2738028,yinqi222
2744401,MiaoMiaoChao
2744783,Ulysses
2746436,KimiRaikkonen
2749614,xingyou
2760079,Winter4th
2763330,MyPasswordis123
2764366,Cokeice
2776869,keaney
2782605,LateSummer
2785100,amaoamao
2792752,shikubi
2795874,imfatcat
2800848,MJC
2804417,Anerrr
2805603,canyueqiuyuan
2821879,Tiio
2835380,luo007nan
2836186,fleeting
2847029,Alan3748
2848530,MRK001
2871830,TLB
2880501,SYCB
2882741,Parko95
2887304,vy0b0x
2898222,house_painter
2900676,eyhrorrim
2912545,kilometers
2915708,khan_b
2916082,ELIsuncle
2916163,SunCheck
2917721,xingchen
2919833,Abrose
2919907,mirrorkanata
2920954,Q1uke
2923576,suakxm
2924029,lilac168
2925491,SaberHZ
2929746,LiNanGe
564607,andyescobar
1591454,BaoGe
1889503,NCroW
1982146,Pat_isha
2035062,ClaytonKersh22
2043621,Calers89
2051760,jeff_steveng
2206847,Pyres
2238913,Brad2
2255680,Dante_Awakening
2317176,Kuang1
2520691,reproach
2542202,Lordminion777
2603688,BoyPrincess
2646437,Repentance
2682660,siriusssss
2692919,Nikolaschka
2694453,Kevicazz
2694927,catenary
2698017,Huazhen
2699715,Void_x
2709186,blue007
2712117,Ameame
2715952,bloodfang0911
2719109,VIKINGZZZ
2719867,Hsan
2723769,zeroburnone
2725331,Isabelita_
2727592,pppzzz
2727677,senjuMadara
2731287,RobinTH
2744822,y1010
2760235,pengfeng10
2764798,shixuehong
2768251,HaveBear
2770431,Emil46
2774191,z1a4q7
2774959,RDNECT
2778649,DaliaWalter
2779350,maozi
2791516,kclo3onelife
2804456,kuangyeL
2809407,adachi-sakura
2809619,MisakaMikoto520
2809682,JXYH
2818213,Qinfeng_Lin
2818264,OldPan
2825621,xiaoji
2834727,muransigno
2847048,DanNiAo_Any
2849627,TheFranxx
2854523,erxin
2857377,guiyidelinergou
2857838,Looph0le
2865631,GXM
2865848,nooname
2867907,QuestzoneyOUNG
2870781,Senesdanto
2873977,CloudZhang
2875612,TataruTaru
2876955,Makinamy
2879084,Sky-king
2879218,wenzi
2880711,Hash211
2882632,qingming
2882789,xeven_707
2883588,icereamwontmelt
2888456,ANxNightMoon
2889431,FXH
2891710,E1ektra
2892960,wujinz
2893264,LunaticNoodles
2894143,Nhadking
2894446,swagdddddd
2896949,HANBYmc
2898361,timooothy
2898730,MTao
2904249,sanwu
2905052,snakeheart
2905594,Glosoli
2906847,ObiwanYang
2907627,ShiYinSN
2909078,w3rdseason
2909948,Encore_
2911491,shenshendog
2914250,Niko019
2918380,LL_XY
2918413,Hugh499
2919098,Jupiterlv
2919938,Heath-Ding
2920197,Rainy224
2920777,GreysonLin
2921661,Fl_Hl
2921692,PKU_Mas
2928056,sdhwjkds
